customer_id;name;email;gender;registration_date;city
1;Wadsworth Dimitriades;wdimitriades0@virginia.edu;Male;10/7/2024;Giemdiem
2;Hasty Klaesson;hklaesson1@cargocollective.com;Male;6/3/2025;Sukaraja
3;Riobard Klossmann;rklossmann2@usda.gov;Male;6/10/2025;Sarykemer
4;Parsifal Summerson;psummerson3@sina.com.cn;Male;9/29/2024;Knoxville
5;Killy de la Valette Parisot;kde4@mapy.cz;Male;1/7/2025;Tha Ruea
6;Elisabetta Bricket;ebricket5@clickbank.net;Female;7/11/2025;Mendeleyevo
7;Berkie Goudy;bgoudy6@smh.com.au;Male;5/28/2025;Cosne-Cours-sur-Loire
8;Mauricio Matterface;mmatterface7@elegantthemes.com;Male;4/14/2025;Waru Selatan
9;Alva Pinyon;apinyon8@canalblog.com;Male;8/23/2024;Wotho
10;Bertie Murden;bmurden9@addtoany.com;Female;6/8/2025;Henan’an
11;Taber Robke;trobkea@theguardian.com;Male;12/14/2024;Krasnohrad
12;Kaila Verrillo;kverrillob@rambler.ru;Female;6/12/2025;Sao Hai
13;Dorelle Sheach;dsheachc@wunderground.com;Female;2/22/2025;São Manços
14;Alasteir McGinley;amcginleyd@yandex.ru;Male;3/6/2025;Shebekino
15;Monro Balshen;mbalshene@deliciousdays.com;Male;10/1/2024;Mino
16;Nikki Fenn;nfennf@plala.or.jp;Female;1/24/2025;Le Mans
17;Laurent Unstead;lunsteadg@about.me;Male;7/10/2025;La Tola
18;Jayme Pringle;jpringleh@livejournal.com;Male;6/23/2025;Reconquista
19;Lucila Scurrah;lscurrahi@europa.eu;Female;11/7/2024;Huangxikou
20;Layney Lett;llettj@washingtonpost.com;Non-binary;9/22/2024;Pandian
21;Elvera Treffry;etreffryk@cornell.edu;Non-binary;11/26/2024;Dar Chabanne
22;Lorna Bairstow;lbairstowl@sina.com.cn;Female;1/15/2025;Aviles
23;Judy Markie;jmarkiem@hatena.ne.jp;Female;10/30/2024;Fizuli
24;Maximilianus Kreutzer;mkreutzern@kickstarter.com;Male;1/26/2025;Šluknov
25;Meghann Sircomb;msircombo@vimeo.com;Female;8/14/2024;Göteborg
26;Sauveur Flips;sflipsp@51.la;Male;6/24/2025;Rasskazovo
27;Dari Radbourne;dradbourneq@phpbb.com;Female;6/22/2025;Rumphi
28;Garnet McCudden;gmccuddenr@prweb.com;Female;9/11/2024;Kazanl?k
29;Pen Ricca;priccas@soundcloud.com;Male;2/10/2025;Castro
30;Gian Phillott;gphillottt@scientificamerican.com;Male;2/20/2025;Longtan
31;Talia Sedman;tsedmanu@reuters.com;Female;7/26/2025;Karabash
32;Abrahan Greenhouse;agreenhousev@stanford.edu;Male;5/29/2025;Uddevalla
33;Petronia Botright;pbotrightw@purevolume.com;Female;11/4/2024;Sa’erhusong
34;Franny Fearey;ffeareyx@github.com;Female;7/21/2025;Alavieska
35;Jean Fillingham;jfillinghamy@printfriendly.com;Male;5/31/2025;Codó
36;Calvin Brockington;cbrockingtonz@google.ca;Male;2/2/2025;Portumna
37;Wendel Tottle;wtottle10@shutterfly.com;Male;4/14/2025;Danzao
38;Abbye Fleetham;afleetham11@indiatimes.com;Female;4/4/2025;Wangshi
39;Blane Castelot;bcastelot12@bloglines.com;Male;6/20/2025;Graneros
40;Axe Firk;afirk13@globo.com;Male;3/18/2025;Vavozh
41;Jammie Haysar;jhaysar14@homestead.com;Female;1/21/2025;Karanganyarkrajan
42;Gasparo Rickasse;grickasse15@addthis.com;Male;9/25/2024;Yinla
43;Steve Lipman;slipman16@desdev.cn;Male;10/28/2024;Norfolk
44;Hastie Bricket;hbricket17@hexun.com;Male;2/17/2025;San Nicolás de los Arroyos
45;Bennett Fleisch;bfleisch18@google.it;Male;2/14/2025;Qiulu
46;Giuditta Puzey;gpuzey19@dyndns.org;Female;12/24/2024;Qing’an
47;Ellene Le - Count;ele1a@wikia.com;Female;6/22/2025;Svislach
48;Bogey Wentworth;bwentworth1b@theguardian.com;Male;1/24/2025;Oued Laou
49;Cyrillus Hamments;chamments1c@umn.edu;Male;1/11/2025;Berezivka
50;Emylee Mathivet;emathivet1d@npr.org;Female;8/21/2024;São Pedro
51;Jade Gravenell;jgravenell1e@infoseek.co.jp;Female;10/29/2024;Saumur
52;Mitzi Chippin;mchippin1f@ustream.tv;Female;1/16/2025;Xianyi
53;Cortie Klampt;cklampt1g@tumblr.com;Male;1/20/2025;Maraã
54;Dionisio Waistall;dwaistall1h@hhs.gov;Male;8/18/2024;Jietou
55;Rickert Maingot;rmaingot1i@wsj.com;Male;11/23/2024;Caijiazha
56;Gardy Sawle;gsawle1j@yahoo.com;Genderfluid;9/23/2024;Kandava
57;Koral Caberas;kcaberas1k@google.fr;Female;1/11/2025;Fufang
58;Vivia Sterling;vsterling1l@slashdot.org;Female;7/25/2025;Kalwaria Zebrzydowska
59;Ammamaria Dove;adove1m@blogs.com;Female;9/19/2024;Sogod
60;Barthel Holyland;bholyland1n@ustream.tv;Male;3/4/2025;Buang
61;Brandyn Robe;brobe1o@illinois.edu;Male;12/15/2024;Yandang
62;Zarah Ericsson;zericsson1p@cmu.edu;Female;7/2/2025;U Minh
63;Gilly Ibeson;gibeson1q@cafepress.com;Female;8/5/2024;Roboré
64;Gayler Paolazzi;gpaolazzi1r@scribd.com;Male;12/19/2024;Priiskovyy
65;Lilas Tipping;ltipping1s@wp.com;Female;10/5/2024;Dairiti
66;Skylar Jaegar;sjaegar1t@bloglovin.com;Male;7/22/2025;A? ?aw???n
67;Wald Gleaves;wgleaves1u@xrea.com;Male;1/3/2025;Qinnan
68;Tedd Drohun;tdrohun1v@cafepress.com;Male;2/13/2025;Post?ekov
69;Pepe Spenceley;pspenceley1w@ted.com;Male;11/15/2024;Dayton
70;Law Taunton;ltaunton1x@artisteer.com;Male;9/13/2024;Kendayakan
71;Heinrick Ascough;hascough1y@nps.gov;Male;10/4/2024;Fonte da Aldeia
72;Saundra Puttergill;sputtergill1z@domainmarket.com;Male;11/6/2024;Selizharovo
73;Paten Sallows;psallows20@bloglovin.com;Male;3/22/2025;Tycheró
74;Ignaz Spencers;ispencers21@hibu.com;Male;3/8/2025;Ryazhsk
75;Daphene Carle;dcarle22@mozilla.com;Female;1/20/2025;Burtunay
76;Yale Merrington;ymerrington23@xing.com;Male;11/16/2024;Jinshandian
77;Gerrard Caherny;gcaherny24@ifeng.com;Male;10/31/2024;Mulandoro
78;Gaylord Ahearne;gahearne25@newsvine.com;Male;9/16/2024;Sasnovy Bor
79;Teresita Corran;tcorran26@adobe.com;Female;9/23/2024;Merida
80;Eleonora Lambe;elambe27@hexun.com;Female;5/19/2025;Cuevas
81;Venus Coad;vcoad28@comsenz.com;Female;8/25/2024;Žitenice
82;Gennie Dy;gdy29@businessinsider.com;Female;5/14/2025;Kalisabuk
83;Xever Campsall;xcampsall2a@independent.co.uk;Polygender;3/3/2025;Luleå
84;Tootsie Gutch;tgutch2b@stumbleupon.com;Female;1/18/2025;Kleszczewo
85;Gilberta Puncher;gpuncher2c@nih.gov;Female;11/29/2024;Sîngerei
86;Alisander Witul;awitul2d@nyu.edu;Male;7/18/2025;Umanday Centro
87;Fairleigh Whitefoot;fwhitefoot2e@dailymotion.com;Male;9/28/2024;Yanxi
88;Abbe Pennick;apennick2f@about.me;Male;8/25/2024;Ifon
89;Othello Jaram;ojaram2g@google.com.br;Polygender;7/21/2025;Ancasti
90;Thorpe Lattimer;tlattimer2h@webmd.com;Male;7/23/2025;Musawa
91;Reece Bloschke;rbloschke2i@google.cn;Male;3/17/2025;Täby
92;Abdel Sessions;asessions2j@si.edu;Male;9/1/2024;Kifr?
93;Wadsworth Blader;wblader2k@netvibes.com;Male;3/6/2025;Värnamo
94;Prent Mascall;pmascall2l@ucsd.edu;Agender;2/27/2025;Log
95;Brita Saint;bsaint2m@example.com;Female;5/11/2025;Santo Tomas
96;Brittney Kleinhandler;bkleinhandler2n@sciencedaily.com;Female;6/15/2025;Xiniqi
97;Dickie Brashier;dbrashier2o@webeden.co.uk;Male;4/9/2025;Yanshou
98;Michail Elener;melener2p@xing.com;Male;9/6/2024;Sankui
99;Jerrilyn Bamblett;jbamblett2q@about.me;Female;8/8/2024;Shazikou
100;Agata Harroll;aharroll2r@stumbleupon.com;Female;3/11/2025;San Onofre
101;Helli Maiklem;hmaiklem2s@nhs.uk;Genderfluid;11/11/2024;Neyr?z
102;Goldia Robelow;grobelow2t@java.com;Female;6/3/2025;Jastrowie
103;Puff Fayerman;pfayerman2u@shop-pro.jp;Male;11/24/2024;Al Mad?d
104;Sharity Udell;sudell2v@unc.edu;Female;2/18/2025;Mentaraman Satu
105;Frazier Couvet;fcouvet2w@jiathis.com;Male;1/4/2025;Ereencav
106;Gennifer Moreland;gmoreland2x@npr.org;Genderfluid;10/8/2024;Uppsala
107;Lois Lander;llander2y@stanford.edu;Female;10/31/2024;Pondaguitan
108;Marguerite Walles;mwalles2z@woothemes.com;Female;5/20/2025;Dmytrivka
109;Carlie Vedenichev;cvedenichev30@ted.com;Male;8/15/2024;Tawau
110;Ricca Ciccotti;rciccotti31@yale.edu;Female;8/11/2024;Konstantynów
111;Briggs Burner;bburner32@goodreads.com;Male;12/31/2024;Cilaja
112;Dorita Weakley;dweakley33@domainmarket.com;Female;8/29/2024;Wau
113;Abagail Alloway;aalloway34@globo.com;Female;5/11/2025;Kalloní
114;Mia Esposita;mesposita35@cafepress.com;Female;10/27/2024;San Carlos
115;Edie Chimienti;echimienti36@gizmodo.com;Female;5/29/2025;Hallstahammar
116;Cissy Dulake;cdulake37@yellowpages.com;Female;12/9/2024;Sabugal
117;Anetta Bradnick;abradnick38@mlb.com;Female;8/25/2024;Sovetskaya
118;Hunt Dorkin;hdorkin39@mozilla.com;Male;5/6/2025;Dallas
119;Dasya Lankester;dlankester3a@cloudflare.com;Female;2/25/2025;São José de Ribamar
120;Margot Ipsly;mipsly3b@theatlantic.com;Female;4/15/2025;Póvoa
121;Vinny Coltart;vcoltart3c@soup.io;Female;4/19/2025;Uppsala
122;Karol Bertson;kbertson3d@blinklist.com;Female;9/29/2024;Jeju-si
123;Sky Kennerknecht;skennerknecht3e@msn.com;Male;7/11/2025;Parikkala
124;Eal Morrant;emorrant3f@ftc.gov;Male;6/19/2025;Zhitan
125;Brade Lapsley;blapsley3g@jalbum.net;Male;1/10/2025;Uralo-Kavkaz
126;Eleanora Desporte;edesporte3h@rediff.com;Female;1/21/2025;Palykavichy Pyershyya
127;August Schimke;aschimke3i@japanpost.jp;Male;7/26/2025;Owczarnia
128;Rebe Maine;rmaine3j@upenn.edu;Female;7/31/2025;Lieksa
129;Michell Soans;msoans3k@mysql.com;Female;8/9/2024;Carbajales
130;Nolly Burkert;nburkert3l@gravatar.com;Male;12/29/2024;Cocorná
131;Caesar Braybrookes;cbraybrookes3m@wisc.edu;Male;4/1/2025;Los Charrúas
132;Brunhilde Prinn;bprinn3n@prnewswire.com;Female;3/24/2025;Krasna
133;Grethel Mandry;gmandry3o@wp.com;Female;12/14/2024;Novosineglazovskiy
134;Rafferty Heffer;rheffer3p@merriam-webster.com;Male;6/11/2025;Cácota
135;Adrianna Castiglioni;acastiglioni3q@google.ca;Female;6/21/2025;Go?cieradów
136;Jobey Carnilian;jcarnilian3r@ucsd.edu;Female;4/21/2025;Francistown
137;Cherianne Wardell;cwardell3s@comcast.net;Female;3/23/2025;Bun Barat
138;Alonso Gerrell;agerrell3t@stanford.edu;Male;2/5/2025;Booterstown
139;Keane McGee;kmcgee3u@google.pl;Male;8/10/2024;Reda
140;Chancey MacCarrick;cmaccarrick3v@bigcartel.com;Male;10/19/2024;Picungbera
141;Dannie Spyby;dspyby3w@gmpg.org;Male;3/20/2025;Lamadong
142;Rea Garton;rgarton3x@tinypic.com;Female;9/24/2024;Labège
143;Stinky Bunten;sbunten3y@howstuffworks.com;Male;8/22/2024;Beregovoy
144;Ivan Sargood;isargood3z@dion.ne.jp;Male;9/8/2024;Sekolan
145;Wallis Reisk;wreisk40@devhub.com;Male;1/30/2025;Guanxi
146;Tailor MacKintosh;tmackintosh41@yandex.ru;Male;5/29/2025;Seredka
147;Tami Ponting;tponting42@eepurl.com;Genderqueer;6/30/2025;Szlachta
148;Nolan Sallenger;nsallenger43@netlog.com;Agender;7/18/2025;Ipueiras
149;Cam Durnford;cdurnford44@aboutads.info;Female;12/2/2024;Montería
150;Mary Forshaw;mforshaw45@naver.com;Female;6/4/2025;Fuente de Oro
151;Galina Stockle;gstockle46@mit.edu;Female;12/3/2024;North Battleford
152;Tommie Coraini;tcoraini47@go.com;Female;3/10/2025;Kut Chap
153;Sky Hekkert;shekkert48@hubpages.com;Male;8/27/2024;Mahanoro
154;Dasha Seamans;dseamans49@dion.ne.jp;Polygender;4/26/2025;Girardot
155;Morganne Eneas;meneas4a@fema.gov;Female;8/20/2024;Indianapolis
156;Gilbertina Harding;gharding4b@deviantart.com;Female;8/21/2024;Garland
157;Vannie de Zamora;vde4c@census.gov;Female;4/9/2025;Ratenggoji
158;Bidget Copnall;bcopnall4d@forbes.com;Female;11/16/2024;Raszczyce
159;Miguelita Duncan;mduncan4e@pcworld.com;Female;6/24/2025;Los Fresnos
160;Bernardina Farthin;bfarthin4f@mozilla.org;Female;7/21/2025;Limeil-Brévannes
161;Virgie Ingerman;vingerman4g@networkadvertising.org;Female;7/3/2025;Stepojevac
162;Deirdre China;dchina4h@berkeley.edu;Female;6/18/2025;Bulqizë
163;Ellerey Laver;elaver4i@newyorker.com;Genderfluid;1/2/2025;Mariestad
164;Bren Antonietti;bantonietti4j@soup.io;Polygender;11/28/2024;Oton
165;Ranna Dallywater;rdallywater4k@newsvine.com;Female;10/12/2024;Fort Pierce
166;Gan Nealon;gnealon4l@mapy.cz;Polygender;8/20/2024;Luzhai
167;Lorin Wallbridge;lwallbridge4m@macromedia.com;Male;5/29/2025;?eská Skalice
168;Rem Gration;rgration4n@wired.com;Non-binary;7/22/2025;Zouila
169;Annmarie Kiehl;akiehl4o@imdb.com;Female;4/17/2025;Manhiça
170;Mia Petticrow;mpetticrow4p@youku.com;Female;10/23/2024;Abomey
171;Cesar Bavister;cbavister4q@accuweather.com;Male;1/6/2025;Przyborów
172;Berenice Galbraeth;bgalbraeth4r@prweb.com;Female;7/7/2025;Nuevo Amanecer
173;Quinton Tidball;qtidball4s@indiegogo.com;Male;7/28/2025;Grenoble
174;Alain Iori;aiori4t@dedecms.com;Male;1/4/2025;Tuanlin
175;Carlyle Tenwick;ctenwick4u@huffingtonpost.com;Male;5/24/2025;Volochys’k
176;Ware Ismail;wismail4v@surveymonkey.com;Male;11/1/2024;Sapouy
177;Esther Ivashkov;eivashkov4w@nasa.gov;Female;5/18/2025;Banjar Petak
178;Horten Wastell;hwastell4x@odnoklassniki.ru;Male;8/14/2024;Redinha
179;Leeann Petruk;lpetruk4y@creativecommons.org;Female;5/6/2025;Trollhättan
180;Garrek Bazoge;gbazoge4z@ezinearticles.com;Male;5/8/2025;Erdaocha
181;Alan Shier;ashier50@weebly.com;Male;10/29/2024;Kristianstad
182;Shepard Jirka;sjirka51@accuweather.com;Male;11/9/2024;Ponta Grossa
183;Prissie Tayler;ptayler52@cnbc.com;Female;5/24/2025;Bergvliet
184;Lucais O'Luney;loluney53@virginia.edu;Male;9/7/2024;Dorogobuzh
185;Lurline Spere;lspere54@wikispaces.com;Female;4/24/2025;Conchucos
186;Merrile Troake;mtroake55@dailymail.co.uk;Female;7/30/2025;Matsena
187;Lin Kellog;lkellog56@yale.edu;Non-binary;2/15/2025;Pokrovka
188;Zebadiah Woofendell;zwoofendell57@yale.edu;Male;10/16/2024;Kasina Wielka
189;Wilt Oultram;woultram58@uol.com.br;Male;5/4/2025;Changfu
190;Darsie Barlass;dbarlass59@pbs.org;Female;5/1/2025;Paris La Défense
191;Bernardo Curlis;bcurlis5a@studiopress.com;Male;1/11/2025;Vamvakoú
192;Blondelle Jovanovic;bjovanovic5b@nih.gov;Female;2/18/2025;Babakan
193;Carmelita O'Keeffe;cokeeffe5c@google.de;Female;8/3/2024;Paidha
194;Tripp Caldaro;tcaldaro5d@comcast.net;Agender;4/28/2025;Hirakata
195;Noach Francesc;nfrancesc5e@istockphoto.com;Male;5/4/2025;Wanjia
196;Avrom Grewcock;agrewcock5f@dot.gov;Male;11/24/2024;São José dos Pinhais
197;Chas Maybury;cmaybury5g@surveymonkey.com;Male;1/26/2025;Mardzad
198;Kari Lewnden;klewnden5h@simplemachines.org;Female;6/4/2025;Ipoh
199;Raviv Exell;rexell5i@army.mil;Male;6/5/2025;Changning
200;Ki Causby;kcausby5j@oaic.gov.au;Female;6/21/2025;Cibalung
201;Dasie Buddles;dbuddles5k@arizona.edu;Female;5/25/2025;Aradac
202;Mozelle Blondelle;mblondelle5l@furl.net;Female;10/14/2024;Wangcungang
203;Sherilyn Seckington;sseckington5m@sogou.com;Female;3/21/2025;Río de Oro
204;Catherine Buntain;cbuntain5n@so-net.ne.jp;Female;12/11/2024;Zhonghouhe
205;Ashia Chomicki;achomicki5o@linkedin.com;Female;5/3/2025;Rockford
206;Thurston Blizard;tblizard5p@altervista.org;Male;6/18/2025;Tegina
207;Farr Stener;fstener5q@cnbc.com;Male;5/27/2025;Cincinnati
208;Prinz Harry;pharry5r@pinterest.com;Male;7/6/2025;Novyy Oskol
209;Giffard Rickwood;grickwood5s@tmall.com;Male;4/24/2025;Yenagoa
210;Ruperta Chelley;rchelley5t@typepad.com;Female;2/11/2025;Xindi
211;Margeaux Caush;mcaush5u@archive.org;Agender;11/29/2024;Sekartaji
212;Damiano Swinney;dswinney5v@dailymail.co.uk;Male;5/15/2025;Xomong
213;Marika Stanmore;mstanmore5w@meetup.com;Female;2/25/2025;Kuala Lumpur
214;Byrann Toe;btoe5x@diigo.com;Male;10/11/2024;København
215;Lindy Teml;lteml5y@elegantthemes.com;Female;11/28/2024;Taiping
216;Quintin Hasnip;qhasnip5z@sphinn.com;Male;7/15/2025;São Tomé
217;Royce Dils;rdils60@japanpost.jp;Male;10/25/2024;Qingfeng
218;Gallagher Ricart;gricart61@miitbeian.gov.cn;Male;4/30/2025;Bang Saphan
219;Myer Gerge;mgerge62@networksolutions.com;Male;3/10/2025;Zhongxing
220;Craig Poole;cpoole63@archive.org;Male;11/30/2024;Niyang
221;Wainwright Deftie;wdeftie64@list-manage.com;Male;12/21/2024;Eadestown
222;Olvan Manuely;omanuely65@tuttocitta.it;Genderfluid;6/24/2025;P’rimorsk’oe
223;Trina Paull;tpaull66@netvibes.com;Female;3/8/2025;?irr?n ash Sham?l?yah
224;Dougy Schole;dschole67@issuu.com;Male;5/30/2025;Qiaotou
225;Millisent Shipcott;mshipcott68@mlb.com;Female;6/25/2025;Fuan
226;Bren Anand;banand69@mozilla.com;Female;4/6/2025;Le Chambon-Feugerolles
227;Chaddy McSkin;cmcskin6a@51.la;Male;1/10/2025;Fengle
228;Tamera Jerosch;tjerosch6b@cnet.com;Female;12/25/2024;A Yun Pa
229;Hank Paylie;hpaylie6c@elpais.com;Male;10/8/2024;J?ti
230;Peter Lochead;plochead6d@skype.com;Male;5/18/2025;Yangjian
231;Silvie Pike;spike6e@shutterfly.com;Non-binary;11/16/2024;Centenary
232;Saloma Meeland;smeeland6f@apache.org;Female;5/30/2025;Krasnyy Oktyabr’
233;Aleksandr Terram;aterram6g@multiply.com;Male;3/18/2025;Tatarbunary
234;Dionysus Rea;drea6h@spotify.com;Male;3/4/2025;Combapata
235;Caron Skipworth;cskipworth6i@fc2.com;Female;3/17/2025;Zeewolde
236;Shermy Tremlett;stremlett6j@spotify.com;Male;7/29/2025;Shatoujiao
237;Cristie Seldner;cseldner6k@php.net;Female;10/18/2024;San Julian
238;Joelie Holleworth;jholleworth6l@typepad.com;Female;5/17/2025;Al?g?darz
239;Inglebert Rosenstengel;irosenstengel6m@theguardian.com;Male;10/8/2024;Schellenberg
240;Raffarty Clever;rclever6n@technorati.com;Male;10/4/2024;Jinrui
241;Ogden Pittock;opittock6o@chronoengine.com;Male;1/25/2025;Welisara
242;Ward Abramowsky;wabramowsky6p@ow.ly;Male;9/10/2024;Ceg?ów
243;Minni Fernley;mfernley6q@noaa.gov;Female;1/14/2025;Karangnongko
244;Virgina Bransgrove;vbransgrove6r@merriam-webster.com;Female;10/12/2024;Lingdi
245;Wallace Simper;wsimper6s@admin.ch;Male;8/29/2024;Ciseuseupan
246;Aggi Leifer;aleifer6t@fda.gov;Female;12/20/2024;Tugu
247;Constantino Elvy;celvy6u@dell.com;Male;5/21/2025;Xianghu
248;Jaquelyn Kopke;jkopke6v@etsy.com;Female;2/18/2025;Kokop
249;Merl Gauthorpp;mgauthorpp6w@dailymotion.com;Polygender;3/16/2025;Dalazi
250;Ichabod Wisden;iwisden6x@yale.edu;Male;11/2/2024;Semalang
251;Keelby Newark;knewark6y@scribd.com;Male;4/3/2025;São José dos Campos
252;Cleo Bruinsma;cbruinsma6z@skyrock.com;Female;3/6/2025;Tejakalapa
253;Llewellyn Turton;lturton70@chron.com;Male;7/19/2025;Taishan
254;Silvan Valenti;svalenti71@shinystat.com;Male;10/28/2024;El Paraíso
255;Mallory Stuttman;mstuttman72@creativecommons.org;Female;4/5/2025;Shishi
256;Zacherie Brahams;zbrahams73@joomla.org;Male;7/6/2025;Huazhai
257;Alic Gomery;agomery74@cyberchimps.com;Male;10/17/2024;Pangian
258;Giusto Coupe;gcoupe75@java.com;Male;3/6/2025;Sarilhos Grandes
259;Grete Thumim;gthumim76@nhs.uk;Female;12/14/2024;Mu?ammad ?ghah Wulusw?l?
260;Grady Monte;gmonte77@nih.gov;Male;5/24/2025;Xiangshan
261;Lowe Banane;lbanane78@theglobeandmail.com;Male;2/5/2025;Beigang
262;Lana Lehrer;llehrer79@jigsy.com;Female;11/2/2024;Helsingborg
263;Megan Wale;mwale7a@arizona.edu;Female;3/30/2025;Yanshi
264;Luz Roder;lroder7b@shutterfly.com;Female;5/3/2025;Sivaki
265;Ulrike Manuel;umanuel7c@usgs.gov;Female;4/3/2025;Tojal
266;Enrichetta Dellenbrok;edellenbrok7d@sogou.com;Female;8/23/2024;Satowebrang
267;Fredrika Thome;fthome7e@eventbrite.com;Female;9/1/2024;Jesenice
268;Irwinn Croux;icroux7f@telegraph.co.uk;Male;10/30/2024;Chichigalpa
269;Emmerich Pavy;epavy7g@msn.com;Male;10/25/2024;La Esperanza
270;Rosabelle Ost;rost7h@alexa.com;Female;5/21/2025;San Fernando del Valle de Catamarca
271;Raimund Lefort;rlefort7i@google.com.br;Male;10/17/2024;Huanggexi
272;Francesca Megarrell;fmegarrell7j@yellowbook.com;Female;8/29/2024;Malaga
273;Chan Corner;ccorner7k@disqus.com;Male;3/10/2025;Shuicha
274;Emmery De Miranda;ede7l@xing.com;Male;9/27/2024;Khotiv
275;Idell Afonso;iafonso7m@moonfruit.com;Female;3/27/2025;Margotuhu Kidul
276;Sherri Aberdalgy;saberdalgy7n@homestead.com;Female;4/23/2025;Nobres
277;Tome Pedrozzi;tpedrozzi7o@sfgate.com;Male;4/27/2025;Kurayoshi
278;Gusty Pollicote;gpollicote7p@issuu.com;Female;2/3/2025;Cocieri
279;Olga Hebbron;ohebbron7q@github.com;Female;9/20/2024;Nago
280;Keir Cowlin;kcowlin7r@nydailynews.com;Male;5/18/2025;Cagbang
281;Lennard Willacot;lwillacot7s@quantcast.com;Male;6/5/2025;Carlsbad
282;Alvan Purkiss;apurkiss7t@vimeo.com;Male;5/3/2025;La Ligua
283;Igor Maes;imaes7u@kickstarter.com;Male;3/13/2025;Conel
284;Jillie Akast;jakast7v@amazon.co.uk;Genderqueer;12/13/2024;São José do Rio Preto
285;Kimbell Heaker;kheaker7w@youtu.be;Male;11/15/2024;Sh?hpur
286;Bertrando Enriques;benriques7x@mozilla.com;Male;12/11/2024;Ambulong
287;Kippy Pyke;kpyke7y@marketwatch.com;Female;1/26/2025;Mabuttal East
288;Ingeberg Dermott;idermott7z@virginia.edu;Female;6/29/2025;Beijie
289;Heinrick Broggio;hbroggio80@infoseek.co.jp;Male;7/3/2025;Bungkulan
290;Guenna Snoxall;gsnoxall81@nsw.gov.au;Female;11/5/2024;Solna
291;Norina Luckie;nluckie82@com.com;Female;6/23/2025;Las Palmas
292;Carlie Broseke;cbroseke83@dedecms.com;Male;4/9/2025;Ukhta
293;Stesha Broadfield;sbroadfield84@aol.com;Female;6/10/2025;Nazaré
294;Godfree Redit;gredit85@toplist.cz;Male;9/3/2024;Angoulême
295;Cathie Tassel;ctassel86@github.com;Female;7/13/2025;Novokuz’minki
296;Dawn Ellwand;dellwand87@wsj.com;Female;11/29/2024;Sapataria
297;Abraham Revell;arevell88@ox.ac.uk;Male;6/4/2025;Sanhe
298;Kipp Duffet;kduffet89@wunderground.com;Male;9/25/2024;Jiyang
299;Elijah Cotterill;ecotterill8a@ox.ac.uk;Male;9/18/2024;Roshchino
300;Moreen Whitemarsh;mwhitemarsh8b@domainmarket.com;Female;8/14/2024;Kuala Lumpur
301;Elmer Keal;ekeal8c@ameblo.jp;Male;5/16/2025;Wosai
302;Dino Toppas;dtoppas8d@cnbc.com;Polygender;9/2/2024;Xinjian
303;Jared Kerrod;jkerrod8e@constantcontact.com;Male;12/11/2024;Mawlamyinegyunn
304;Gene Borel;gborel8f@ed.gov;Female;1/16/2025;Buliok
305;Raquela Heggman;rheggman8g@oracle.com;Female;4/11/2025;Ojo de Agua
306;Blaire Stiebler;bstiebler8h@mac.com;Female;3/5/2025;Qobustan
307;Artemas Shimuk;ashimuk8i@amazonaws.com;Male;8/28/2024;Naguilian
308;Daniella Leyzell;dleyzell8j@ebay.com;Female;8/18/2024;Sukhobuzimskoye
309;Dannie Blas;dblas8k@ucoz.com;Male;6/21/2025;Youssoufia
310;Wilona Sired;wsired8l@webmd.com;Female;12/14/2024;Cisoka
311;Ralina Bonett;rbonett8m@blogtalkradio.com;Female;9/24/2024;Menuma
312;Filberte Wesker;fwesker8n@php.net;Male;10/6/2024;Dabola
313;Beverley Muzzlewhite;bmuzzlewhite8o@tripod.com;Female;4/21/2025;Aldeia de Além
314;Adler Janes;ajanes8p@upenn.edu;Male;12/14/2024;Dawangzhuang
315;Robbie M'Quharge;rmquharge8q@meetup.com;Male;11/18/2024;Presidente Venceslau
316;Harlan Bonus;hbonus8r@is.gd;Genderfluid;8/29/2024;Uherský Brod
317;Bondy Taaffe;btaaffe8s@reference.com;Non-binary;10/21/2024;Quintães
318;Bennie Drewet;bdrewet8t@wufoo.com;Female;7/21/2025;Lyasny
319;Nedi Dreossi;ndreossi8u@marketwatch.com;Female;2/15/2025;Zhencheng
320;Melesa Bispo;mbispo8v@yahoo.co.jp;Female;1/20/2025;Winston Salem
321;Odilia Roskelly;oroskelly8w@last.fm;Female;11/12/2024;Sinhyeon
322;Nealon Pauncefoot;npauncefoot8x@mlb.com;Male;2/1/2025;Varkaus
323;Yolanthe Noury;ynoury8y@google.fr;Female;8/17/2024;Jankovec
324;Murielle Maynell;mmaynell8z@ft.com;Female;2/25/2025;Castedo
325;Vin Kitchener;vkitchener90@apple.com;Male;3/29/2025;Huliao
326;Layton Weir;lweir91@home.pl;Male;10/3/2024;Sukabumi
327;Rog Hutson;rhutson92@google.com.br;Male;6/29/2025;Petauke
328;Winonah Bunt;wbunt93@amazon.de;Female;1/6/2025;Cawayan
329;Alecia Barensen;abarensen94@mozilla.com;Genderfluid;5/17/2025;Tuopu
330;Dorri Spat;dspat95@163.com;Female;3/7/2025;Lyublino
331;Molly Renney;mrenney96@alexa.com;Female;8/9/2024;Saint-Pierre
332;Ramsey Vasyutochkin;rvasyutochkin97@zdnet.com;Male;11/5/2024;Qiangqinxue
333;Celesta Patty;cpatty98@china.com.cn;Polygender;5/2/2025;Jetis
334;Honey Curgenuer;hcurgenuer99@geocities.com;Female;10/2/2024;Houjiagang
335;Town Elvidge;telvidge9a@google.pl;Male;12/29/2024;Pysznica
336;Joycelin Crother;jcrother9b@furl.net;Female;9/26/2024;Liang
337;Rochester Yushin;ryushin9c@shutterfly.com;Male;1/11/2025;Arrifes
338;Brucie Garn;bgarn9d@msn.com;Male;9/28/2024;Lamakera Dua
339;Gerhardt Dennett;gdennett9e@netvibes.com;Male;10/9/2024;Xinwu
340;Beitris Cristofanini;bcristofanini9f@google.cn;Female;9/24/2024;Sulak
341;Waylin Goldby;wgoldby9g@yandex.ru;Male;6/21/2025;Budzów
342;Jermain Albertson;jalbertson9h@google.com.br;Male;4/17/2025;Kanshan
343;Quintus Wreford;qwreford9i@theatlantic.com;Male;11/29/2024;Rude
344;Regan McGeffen;rmcgeffen9j@google.it;Male;7/6/2025;Lal?bela
345;Teodorico Corn;tcorn9k@rakuten.co.jp;Male;10/4/2024;Ai Tu
346;Jillene Abrashkov;jabrashkov9l@constantcontact.com;Female;7/3/2025;Bystra
347;Jone Kennedy;jkennedy9m@home.pl;Male;8/17/2024;Oof
348;Yasmeen Venmore;yvenmore9n@w3.org;Female;12/15/2024;Jicomé
349;Charmain Matusson;cmatusson9o@blog.com;Female;3/29/2025;Sedkyrkeshch
350;Wallis Blumfield;wblumfield9p@bloglines.com;Female;8/16/2024;Longra
351;Athena Tellesson;atellesson9q@posterous.com;Female;12/13/2024;Grigišk?s
352;Taryn Money;tmoney9r@about.com;Female;11/15/2024;Villa Castelli
353;Des Eagland;deagland9s@hao123.com;Male;6/11/2025;Huatan
354;Ibby Izac;iizac9t@sun.com;Female;1/1/2025;Zuhu
355;Blanca Semor;bsemor9u@samsung.com;Female;11/29/2024;Bacnar
356;Bev Fernan;bfernan9v@nsw.gov.au;Male;5/28/2025;Dubá
357;Luciano Arling;larling9w@salon.com;Male;10/21/2024;Biancheng
358;Magda Pontefract;mpontefract9x@phpbb.com;Female;8/29/2024;Xin’e
359;Edvard Crowch;ecrowch9y@1688.com;Male;12/21/2024;Borlänge
360;Pall Miner;pminer9z@utexas.edu;Male;3/27/2025;Longhua
361;Saxe Bithell;sbithella0@seesaa.net;Male;3/5/2025;Néa Ionía
362;Sidonia McCurt;smccurta1@skyrock.com;Female;4/24/2025;Sekararum
363;Talbot Ohrtmann;tohrtmanna2@ning.com;Male;7/6/2025;Songhae
364;Riannon Reading;rreadinga3@t-online.de;Female;2/11/2025;Volokolamsk
365;Janie Jamme;jjammea4@ed.gov;Female;4/6/2025;San Francisco
366;Leopold Bour;lboura5@histats.com;Male;9/18/2024;Dobre Miasto
367;Roderic Thebes;rthebesa6@freewebs.com;Genderqueer;5/11/2025;Karangori
368;Betteanne Zanuciolii;bzanucioliia7@fda.gov;Female;5/11/2025;Novi Slankamen
369;Kermy McCudden;kmccuddena8@webmd.com;Male;2/2/2025;Laval
370;Corabella Dulwich;cdulwicha9@unblog.fr;Female;9/18/2024;Jab?onka
371;Neddie Gatehouse;ngatehouseaa@shinystat.com;Male;8/28/2024;Ulimonong
372;Delbert Rapier;drapierab@t.co;Male;7/27/2025;Otaslavice
373;Stafford Double;sdoubleac@wufoo.com;Male;9/21/2024;Mulhouse
374;Valentine Guerro;vguerroad@mapy.cz;Female;10/24/2024;Shib?n al Kawm
375;Alexander Blackster;ablacksterae@dyndns.org;Male;12/7/2024;Janja
376;Audie Mallender;amallenderaf@1und1.de;Female;6/20/2025;Kapenguria
377;Modestine Tregido;mtregidoag@redcross.org;Female;7/25/2025;?omianki
378;Raynor O'Spillane;rospillaneah@com.com;Male;6/29/2025;Danirai
379;Bogey Gooding;bgoodingai@google.fr;Male;10/27/2024;Dongming
380;Gardie Haddleton;ghaddletonaj@amazon.de;Male;6/14/2025;Garnich
381;Brett Revill;brevillak@wikimedia.org;Non-binary;10/10/2024;São Vicente de Ferreira
382;Florance Alvarado;falvaradoal@is.gd;Female;3/12/2025;Burunday
383;Chick Middler;cmiddleram@mac.com;Male;10/16/2024;Rechitsy
384;Dane Readwood;dreadwoodan@sun.com;Male;8/15/2024;Loureiro
385;Barbee Gomersal;bgomersalao@drupal.org;Female;3/31/2025;Ramón Castilla
386;Brenna Royce;broyceap@tamu.edu;Female;1/26/2025;Tiyuguan
387;Janis Colgan;jcolganaq@admin.ch;Female;3/3/2025;Nan
388;Michail Undy;mundyar@cornell.edu;Male;8/14/2024;Aconibe
389;Robbie Gutierrez;rgutierrezas@discovery.com;Male;6/24/2025;Xinzha
390;Temple Charkham;tcharkhamat@sogou.com;Male;1/4/2025;Coasa
391;Avigdor Gierke;agierkeau@un.org;Male;12/15/2024;Weibin
392;Mendy Lorraway;mlorrawayav@rakuten.co.jp;Male;2/19/2025;Makurdi
393;Maurizia Mucillo;mmucilloaw@constantcontact.com;Female;3/28/2025;Demb? Dolo
394;Gisella Rogans;grogansax@parallels.com;Female;3/22/2025;Margamukti
395;Lemmy Coupar;lcouparay@ox.ac.uk;Non-binary;8/5/2024;Mosar
396;Jeramey Bills;jbillsaz@clickbank.net;Male;2/12/2025;Dasht-e Qal‘ah
397;Alene Camilleri;acamillerib0@alibaba.com;Female;8/25/2024;Tuojiang
398;Arlene Flowitt;aflowittb1@vimeo.com;Female;2/28/2025;Parigi
399;Jerrilee Gaughan;jgaughanb2@tinypic.com;Genderfluid;1/5/2025;Chat Trakan
400;Nara Cobby;ncobbyb3@usnews.com;Female;10/4/2024;Taipa
401;Brittaney Lindermann;blindermannb4@miitbeian.gov.cn;Female;1/19/2025;Chuanshan
402;Chaunce Mateuszczyk;cmateuszczykb5@icq.com;Agender;2/5/2025;Maizuru
403;Perkin Kermath;pkermathb6@skype.com;Male;3/12/2025;Dongshan
404;Kristina Taylor;ktaylorb7@amazon.de;Female;11/27/2024;Cipesing
405;Godiva Hamflett;ghamflettb8@eventbrite.com;Female;12/28/2024;Gali
406;Benjamen Piscopo;bpiscopob9@vk.com;Male;2/10/2025;Trzebnica
407;Lorettalorna Firth;lfirthba@biglobe.ne.jp;Female;9/27/2024;Plaju
408;Aldon Danshin;adanshinbb@unicef.org;Male;6/1/2025;La Laguna
409;Symon Basnett;sbasnettbc@symantec.com;Male;7/15/2025;Semang
410;Pooh Kleyn;pkleynbd@marriott.com;Female;4/12/2025;Kut Chum
411;Lorri Beminster;lbeminsterbe@nih.gov;Female;10/28/2024;Capandanan
412;Jonathon Harrowsmith;jharrowsmithbf@icio.us;Male;1/11/2025;Stockholm
413;Roscoe Barttrum;rbarttrumbg@chronoengine.com;Male;1/2/2025;Paulista
414;Hyacintha Nichol;hnicholbh@bigcartel.com;Bigender;2/8/2025;Trang
415;Salvatore Willows;swillowsbi@mapquest.com;Male;11/10/2024;Zhangfeng
416;Carlye Shernock;cshernockbj@adobe.com;Female;5/31/2025;Nikol’sk
417;Ellene Gates;egatesbk@engadget.com;Female;11/27/2024;Phra Pradaeng
418;Karina McNish;kmcnishbl@friendfeed.com;Agender;4/28/2025;Bolilao
419;Lucie Ketchaside;lketchasidebm@ucsd.edu;Female;9/14/2024;Scottsdale
420;Kathryne Kilmartin;kkilmartinbn@cdbaby.com;Female;7/23/2025;Ruteng
421;Jakie St. Clair;jstbo@4shared.com;Male;9/5/2024;Jelbuk
422;Toby Gottelier;tgottelierbp@jimdo.com;Female;5/27/2025;Kototujuh
423;Marvin Lehmann;mlehmannbq@desdev.cn;Male;5/18/2025;Bonthe
424;Kendell Dupoy;kdupoybr@photobucket.com;Male;9/1/2024;Drammen
425;Fay Cotterel;fcotterelbs@wsj.com;Female;7/30/2025;Pedome
426;Dion Cubitt;dcubittbt@mashable.com;Male;6/8/2025;Zilang
427;Hector Fredy;hfredybu@scientificamerican.com;Male;6/23/2025;Cusapín
428;Janella Yakov;jyakovbv@mediafire.com;Female;11/24/2024;Dogbo
429;Loraine Figin;lfiginbw@timesonline.co.uk;Female;9/5/2024;Dawan
430;Leroi Runnacles;lrunnaclesbx@blogger.com;Male;4/5/2025;Quimper
431;Chariot Rulton;crultonby@npr.org;Male;7/20/2025;Pueblo Nuevo
432;Francklyn Camois;fcamoisbz@lycos.com;Male;5/30/2025;Qi’an
433;Vilhelmina Click;vclickc0@adobe.com;Female;11/10/2024;Nnewi
434;Katey Pattingson;kpattingsonc1@paginegialle.it;Female;12/1/2024;Groningen
435;Coralyn Duplain;cduplainc2@toplist.cz;Female;6/19/2025;Wucheng
436;Raoul Scrivin;rscrivinc3@dot.gov;Male;5/24/2025;Mabyan
437;Milissent Massinger;mmassingerc4@harvard.edu;Female;5/24/2025;Charlemagne
438;Avis Ensley;aensleyc5@va.gov;Female;3/16/2025;Santa Clara
439;Remus Petrosian;rpetrosianc6@surveymonkey.com;Male;3/25/2025;Ningyang
440;Janos Dussy;jdussyc7@umn.edu;Male;7/19/2025;San Buenaventura
441;Justus Domegan;jdomeganc8@arizona.edu;Male;12/3/2024;Roma
442;Tomi Sycamore;tsycamorec9@nationalgeographic.com;Female;4/27/2025;Guinsang-an
443;Rosalyn Hendin;rhendinca@state.gov;Female;12/19/2024;Jawa
444;Cyrillus Cannicott;ccannicottcb@answers.com;Male;5/27/2025;Emiliano Zapata
445;Doreen Necrews;dnecrewscc@printfriendly.com;Genderqueer;3/20/2025;Iradan
446;Ebeneser de Werk;edecd@japanpost.jp;Male;9/3/2024;Puamata
447;Sheri Pulley;spulleyce@canalblog.com;Genderfluid;8/27/2024;Manzherok
448;Ilario Ridwood;iridwoodcf@deliciousdays.com;Male;3/28/2025;Chaoyang
449;Selina Gillhespy;sgillhespycg@soup.io;Female;4/29/2025;Drachten
450;Morena Judron;mjudronch@blogger.com;Female;2/22/2025;Mutis
451;Alaric Acuna;aacunaci@constantcontact.com;Bigender;11/21/2024;Qinggis Han
452;Robinia Chalfont;rchalfontcj@bravesites.com;Female;10/30/2024;Buutuo
453;Rusty Silverlock;rsilverlockck@thetimes.co.uk;Male;9/9/2024;Su-dong
454;Anne-corinne Baptist;abaptistcl@biglobe.ne.jp;Female;4/5/2025;Tororo
455;Devina Bewshaw;dbewshawcm@typepad.com;Female;9/19/2024;Duang
456;Berkie Follan;bfollancn@e-recht24.de;Male;9/30/2024;San Miguel
457;Adey Stuckey;astuckeyco@senate.gov;Female;1/13/2025;Bugarama
458;Becka Duke;bdukecp@bluehost.com;Female;2/25/2025;Duoxiang
459;Durward Chalker;dchalkercq@businessinsider.com;Male;10/6/2024;Pieksämäki
460;Susana Paolino;spaolinocr@auda.org.au;Female;9/3/2024;Qinling Jieban
461;Turner Leve;tlevecs@netlog.com;Male;1/22/2025;San Fernando del Valle de Catamarca
462;Lorin Barizeret;lbarizeretct@altervista.org;Male;11/30/2024;Jinxiang
463;Kirbie Wincott;kwincottcu@purevolume.com;Female;10/6/2024;Tafí Viejo
464;Prentice Broadey;pbroadeycv@amazon.co.jp;Male;5/20/2025;Alca
465;Kania Grinaugh;kgrinaughcw@unesco.org;Female;7/6/2025;Nowa Góra
466;Winni Hawket;whawketcx@infoseek.co.jp;Female;6/10/2025;Blagoveshchensk
467;Irita Hazeley;ihazeleycy@comsenz.com;Genderfluid;2/1/2025;Omemee
468;Izaak Caslin;icaslincz@ow.ly;Male;11/23/2024;Colcabamba
469;Max Lavens;mlavensd0@cloudflare.com;Female;6/10/2025;Gaspar Hernández
470;Martino Lindenfeld;mlindenfeldd1@webs.com;Male;4/11/2025;Santa Rita Village
471;Tallia Every;teveryd2@nsw.gov.au;Female;11/11/2024;Venilale
472;Quill Gretton;qgrettond3@sphinn.com;Male;8/12/2024;Ikata-ch?
473;Marcelline McKenney;mmckenneyd4@cafepress.com;Female;11/2/2024;Thymianá
474;Ilyssa Eakins;ieakinsd5@unblog.fr;Female;1/2/2025;Youxi
475;Weston Pollington;wpollingtond6@google.ru;Male;9/20/2024;Changhua
476;Fayth Castagne;fcastagned7@plala.or.jp;Genderqueer;8/22/2024;Datan
477;Fancy Zavittieri;fzavittierid8@blog.com;Female;11/6/2024;Stockholm
478;Maribeth Guidone;mguidoned9@mediafire.com;Female;1/29/2025;Qintong
479;Mellisent Causier;mcausierda@china.com.cn;Female;4/3/2025;Bozoum
480;Pammy Schreiner;pschreinerdb@skyrock.com;Female;3/11/2025;Lyeskawka
481;David Osipov;dosipovdc@hc360.com;Male;7/31/2025;Botucatu
482;Egor Hurndall;ehurndalldd@who.int;Male;4/18/2025;Morales
483;Dorice Hawthorne;dhawthornede@cloudflare.com;Female;7/13/2025;Naghalin
484;Sharon Novacek;snovacekdf@yellowbook.com;Female;5/18/2025;Corpus Christi
485;Amalea Artrick;aartrickdg@cam.ac.uk;Female;5/29/2025;Cigalontang
486;Frankie Brunini;fbruninidh@trellian.com;Male;7/14/2025;Bia?aczów
487;Ringo Grunder;rgrunderdi@ebay.com;Male;6/16/2025;Mielec
488;Oralla Crosser;ocrosserdj@clickbank.net;Female;11/29/2024;Vladikavkaz
489;Far Benesevich;fbenesevichdk@ifeng.com;Male;11/25/2024;Buraen
490;Zoe Kubacek;zkubacekdl@mail.ru;Female;7/7/2025;Lutun
491;Carrol McCuaig;cmccuaigdm@tmall.com;Male;5/31/2025;Bacong
492;Elicia Snaddin;esnaddindn@whitehouse.gov;Female;10/28/2024;Wenquan
493;Vidovik Waterman;vwatermando@gizmodo.com;Male;6/16/2025;Kebonkalapa
494;Tremayne Bowart;tbowartdp@dagondesign.com;Male;1/20/2025;Stockholm
495;Udale Richten;urichtendq@amazon.co.uk;Male;10/29/2024;Qukës-Skënderbe
496;Allegra Storah;astorahdr@soundcloud.com;Female;5/26/2025;Göteborg
497;Tedra Sandy;tsandyds@state.gov;Polygender;9/9/2024;Wufeng
498;Flory Aspinell;faspinelldt@ftc.gov;Female;3/26/2025;Xinyuan
499;Terri McRonald;tmcronalddu@intel.com;Male;8/30/2024;Palaiópyrgos
500;Janie Sergean;jsergeandv@sourceforge.net;Female;11/23/2024;Togur
501;Gina Portigall;gportigalldw@uiuc.edu;Female;2/16/2025;Tingzhou
502;Olenka Skilbeck;oskilbeckdx@bloglovin.com;Female;12/31/2024;Palkovice
503;Brigitte Girvan;bgirvandy@usgs.gov;Female;11/13/2024;Jiaokui
504;Delmar Spelsbury;dspelsburydz@comcast.net;Male;12/2/2024;Kashihara
505;Tildie Christiensen;tchristiensene0@furl.net;Female;7/6/2025;Shanlian
506;Boone Bantham;bbanthame1@ehow.com;Male;7/2/2025;Manjo
507;Lyndy Marklew;lmarklewe2@youku.com;Female;7/17/2025;Kandun
508;Silas Dismore;sdismoree3@pen.io;Male;1/4/2025;Weishui
509;Englebert Itzkovici;eitzkovicie4@zdnet.com;Male;3/14/2025;Qingshan
510;Oralie Bricksey;obrickseye5@google.com.hk;Female;9/4/2024;Angoulême
511;Sidoney Tomlett;stomlette6@bloglovin.com;Female;3/23/2025;Aleksandrovsk-Sakhalinskiy
512;Skylar Mugglestone;smugglestonee7@yellowbook.com;Male;9/16/2024;W?d? al ‘Uy?n
513;Rozamond Perrott;rperrotte8@army.mil;Female;11/24/2024;Kafir Yasif
514;Isabel Waldocke;iwaldockee9@yellowpages.com;Female;6/8/2025;Newport News
515;Teddie Wear;twearea@wikimedia.org;Male;4/7/2025;Changzheng
516;Padraic Arnoll;parnolleb@imageshack.us;Male;9/17/2024;Beixiang
517;Vito McVitie;vmcvitieec@live.com;Male;4/22/2025;Fagersta
518;Theodoric Enns;tennsed@shinystat.com;Male;6/6/2025;Pokachi
519;Cherise Collyns;ccollynsee@slashdot.org;Female;10/1/2024;Solkan
520;Blayne Free;bfreeef@dyndns.org;Male;8/2/2024;Anuling
521;Averil De Blasi;adeeg@bloomberg.com;Male;3/8/2025;Airmata
522;Duffie Vasyatkin;dvasyatkineh@bravesites.com;Male;6/3/2025;Laweueng
523;Jacinthe Antonias;jantoniasei@intel.com;Female;2/3/2025;Trinity Ville
524;Kippar Laneham;klanehamej@nytimes.com;Male;3/6/2025;Tabogon
525;Ralina Werner;rwernerek@ca.gov;Female;7/10/2025;Sirinhaém
526;Olwen Buske;obuskeel@ftc.gov;Female;6/9/2025;Jaruco
527;Alfred Luton;alutonem@themeforest.net;Male;1/5/2025;Saint Louis
528;Kenny Gullam;kgullamen@addtoany.com;Agender;10/20/2024;Daying
529;Ephraim Grishakov;egrishakoveo@aboutads.info;Male;2/23/2025;Fuyu
530;Barbette Strettell;bstrettellep@sogou.com;Female;12/23/2024;Antes
531;Doe Ingledow;dingledoweq@irs.gov;Female;7/1/2025;Springfield
532;Clari Yegorkin;cyegorkiner@hubpages.com;Female;12/11/2024;Jajawai
533;Dolorita China;dchinaes@cnn.com;Female;3/22/2025;Birr
534;Reggy Benn;rbennet@amazon.co.uk;Male;7/30/2025;Yangzizhou
535;Jackie Hallick;jhallickeu@liveinternet.ru;Male;11/6/2024;Tahilt
536;Garrick Sibbson;gsibbsonev@hp.com;Male;8/26/2024;Xintang
537;Tyne Gagen;tgagenew@wiley.com;Female;6/5/2025;Chenghe
538;Godard Fellows;gfellowsex@ibm.com;Male;4/15/2025;Weyburn
539;Moses Barwood;mbarwoodey@163.com;Male;2/20/2025;Banatski Dvor
540;Mack Glinde;mglindeez@digg.com;Male;9/15/2024;Duancun
541;Reider Pilmoor;rpilmoorf0@xinhuanet.com;Male;7/2/2025;Byera Village
542;Kaiser Latey;klateyf1@rambler.ru;Male;4/16/2025;Pinghu
543;Justino Saberton;jsabertonf2@npr.org;Male;4/25/2025;San Juan de los Morros
544;Carlynn Duffitt;cduffittf3@phpbb.com;Female;11/6/2024;Alegria
545;Lyndel Doldon;ldoldonf4@nbcnews.com;Female;4/8/2025;Krajan Dua Padomasan
546;Alejandra Keppy;akeppyf5@godaddy.com;Female;9/8/2024;Garhi Y?s?n
547;Wolf Okker;wokkerf6@discuz.net;Male;10/10/2024;Dayong
548;Guillermo Benes;gbenesf7@jiathis.com;Male;1/26/2025;Rubiataba
549;Rubetta M'Quhan;rmquhanf8@comsenz.com;Female;6/20/2025;P?imda
550;Ashton Ramard;aramardf9@theglobeandmail.com;Male;11/6/2024;Kävlinge
551;Emmy Esh;eeshfa@bing.com;Male;11/22/2024;Carolina
552;Jeanine Nortunen;jnortunenfb@de.vu;Bigender;4/4/2025;Puerto Francisco de Orellana
553;Wilona Sturman;wsturmanfc@pagesperso-orange.fr;Female;8/27/2024;Akwanga
554;Molli Rosel;mroselfd@senate.gov;Genderqueer;9/3/2024;Maceo
555;Georgetta Moffett;gmoffettfe@google.com.hk;Female;10/24/2024;Guilin
556;Phedra Blenkharn;pblenkharnff@livejournal.com;Female;5/26/2025;Mendoza
557;Leanor Derrington;lderringtonfg@smugmug.com;Female;5/22/2025;Zhufo
558;Lilian D'eye;ldeyefh@over-blog.com;Female;11/20/2024;Liulin
559;Willy Leidl;wleidlfi@stanford.edu;Male;12/2/2024;Prinza
560;Stillman Garlinge;sgarlingefj@wix.com;Male;3/30/2025;Sa’erhusong
561;Gilda Donohoe;gdonohoefk@mapquest.com;Genderfluid;7/21/2025;Banjar Bucu
562;Prudi Heasly;pheaslyfl@eepurl.com;Female;2/24/2025;Xindu
563;Gael Cars;gcarsfm@arizona.edu;Male;4/8/2025;Shizong
564;Iolande L'argent;ilargentfn@opensource.org;Female;10/7/2024;Sosnovoborsk
565;Mirabel Loren;mlorenfo@miitbeian.gov.cn;Female;8/13/2024;Sasaguri
566;Maybelle Freak;mfreakfp@cbslocal.com;Female;6/11/2025;Jinhai
567;Aviva Whitwam;awhitwamfq@scribd.com;Female;11/4/2024;Quetigny
568;Linnea Reiling;lreilingfr@storify.com;Female;6/16/2025;Widuchowa
569;Prudy Claw;pclawfs@plala.or.jp;Female;12/16/2024;Bagay
570;Ilka Jindacek;ijindacekft@webs.com;Female;6/22/2025;Mitake
571;Corri Jone;cjonefu@ucoz.ru;Female;5/3/2025;Bebandem
572;Hiram Gelderd;hgelderdfv@pbs.org;Male;10/19/2024;San Rafael Oriente
573;Bunni Tween;btweenfw@feedburner.com;Female;2/17/2025;Ushuaia
574;Cobb Gregorace;cgregoracefx@engadget.com;Male;12/1/2024;Paris 08
575;Marijo Speller;mspellerfy@utexas.edu;Female;1/19/2025;Przec?aw
576;Axel Wilbraham;awilbrahamfz@msu.edu;Male;12/21/2024;Yangjian
577;Gillan Gettone;ggettoneg0@harvard.edu;Female;1/25/2025;Neskaupstaður
578;Mirabella Powell;mpowellg1@shop-pro.jp;Female;9/26/2024;Muruy
579;Haywood Akett;hakettg2@vkontakte.ru;Male;6/21/2025;Yajin
580;Shannon Loker;slokerg3@sitemeter.com;Male;10/4/2024;Xo’jayli Shahri
581;Annette Nolda;anoldag4@blog.com;Female;4/30/2025;Dashkawka
582;Stavro Tropman;stropmang5@squarespace.com;Male;9/6/2024;Ramain
583;Haley Alten;halteng6@goodreads.com;Male;12/23/2024;Trincomalee
584;Mathilde Rodwell;mrodwellg7@hhs.gov;Female;6/14/2025;Chisec
585;Lenka Leveret;lleveretg8@oaic.gov.au;Female;3/3/2025;Klagen
586;Fowler Phuprate;fphuprateg9@bloglovin.com;Male;8/11/2024;Byala
587;Jermaine Gerlts;jgerltsga@reuters.com;Female;1/18/2025;Bei’an
588;Marvin Dinneen;mdinneengb@godaddy.com;Male;5/28/2025;Sihe
589;Aldus Mannooch;amannoochgc@arstechnica.com;Male;6/24/2025;Al ‘?liyah
590;Quillan MacGillacolm;qmacgillacolmgd@ask.com;Male;6/19/2025;Telgawah
591;Thorvald Cristou;tcristouge@hao123.com;Male;5/17/2025;Adelaide Mail Centre
592;Arleyne Longmire;alongmiregf@accuweather.com;Female;7/10/2025;Leon Postigo
593;Erhart Ghio;eghiogg@naver.com;Male;2/23/2025;Chanhe
594;Joshia Gerriessen;jgerriessengh@businesswire.com;Male;7/28/2025;Wangzuo
595;Joelie Plester;jplestergi@china.com.cn;Female;10/17/2024;Vyshhorod
596;Tiebold Lamartine;tlamartinegj@nih.gov;Male;10/29/2024;Purwojoyo
597;Oran Gillmor;ogillmorgk@ow.ly;Male;8/26/2024;Taman
598;Joline Dumbrell;jdumbrellgl@cdc.gov;Bigender;9/22/2024;Stamford
599;Chelsae Baton;cbatongm@blogtalkradio.com;Female;4/27/2025;Shuyuan
600;Valery Liverock;vliverockgn@wsj.com;Female;4/18/2025;Jiuting
601;Sharai Garrick;sgarrickgo@stanford.edu;Female;2/2/2025;San Juan de los Morros
602;Meade Di Franceshci;mdigp@4shared.com;Female;7/19/2025;Itsukaichi
603;Donal McClure;dmccluregq@economist.com;Male;9/6/2024;Filabusi
604;Filip Boon;fboongr@miibeian.gov.cn;Male;10/16/2024;Washington
605;Clyde Dufaur;cdufaurgs@storify.com;Male;6/2/2025;Shicheng
606;Montgomery Carless;mcarlessgt@slate.com;Male;10/19/2024;Taquara
607;Harrison Goodie;hgoodiegu@toplist.cz;Genderfluid;4/4/2025;Bunder
608;Emmy Nutter;enuttergv@marketwatch.com;Female;12/18/2024;W?gierska Górka
609;Rand Rosenberger;rrosenbergergw@ebay.co.uk;Male;12/16/2024;?awr al B??ah
610;Fania Rowlinson;frowlinsongx@reddit.com;Female;11/20/2024;Stari Lec
611;Karly Swatman;kswatmangy@comcast.net;Female;8/15/2024;Mursaba
612;Crissy Dymick;cdymickgz@java.com;Female;3/6/2025;Mananjary
613;Brook Inderwick;binderwickh0@goo.ne.jp;Female;6/13/2025;Lidingö
614;Teodorico Cuckoo;tcuckooh1@epa.gov;Male;2/16/2025;Kåge
615;Rafaela Benditt;rbenditth2@state.gov;Female;4/18/2025;Bílovec
616;Shelbi Rebert;sreberth3@elegantthemes.com;Female;1/3/2025;Jinping
617;Ryun McCormack;rmccormackh4@tiny.cc;Male;6/23/2025;Ashikaga
618;Tracee Gealy;tgealyh5@ask.com;Female;12/5/2024;Y?nggwang-?p
619;Pooh Scown;pscownh6@hhs.gov;Male;6/26/2025;Ban Ko Lan
620;Cecelia Chaston;cchastonh7@theglobeandmail.com;Female;3/20/2025;Malin
621;Durand Whanstall;dwhanstallh8@miitbeian.gov.cn;Bigender;10/12/2024;Karanganyar
622;Alyson Etheredge;aetheredgeh9@seesaa.net;Non-binary;3/7/2025;Kan?ay
623;Sallie Novakovic;snovakovicha@skyrock.com;Female;8/22/2024;Miranda
624;Lodovico Mattiassi;lmattiassihb@phoca.cz;Male;2/5/2025;Wangwu
625;Nichole Hallihan;nhallihanhc@liveinternet.ru;Male;1/3/2025;Henglin
626;Mersey Whight;mwhighthd@twitpic.com;Female;6/10/2025;Bicas
627;Briney Johnigan;bjohniganhe@mysql.com;Non-binary;12/23/2024;Mae Lan
628;Norry Drewell;ndrewellhf@skyrock.com;Female;1/25/2025;Nied?wiada
629;Elenore Cavan;ecavanhg@wsj.com;Female;3/8/2025;Oakland
630;Lou O' Lone;lohh@ox.ac.uk;Female;9/8/2024;Singkup
631;Allene Baddow;abaddowhi@tinypic.com;Genderfluid;7/30/2025;Beja
632;Stevie Riatt;sriatthj@hc360.com;Male;12/15/2024;Babakanlapang
633;Boris Irdale;birdalehk@geocities.com;Male;7/31/2025;Zhangjiayuan
634;Fonzie Magnus;fmagnushl@ezinearticles.com;Male;11/30/2024;San Antonio
635;Sibley Crohan;scrohanhm@joomla.org;Polygender;3/22/2025;Farap
636;Samara Maldin;smaldinhn@over-blog.com;Female;2/14/2025;Mendeleyevo
637;Martynne Kelle;mkelleho@blinklist.com;Female;10/21/2024;Nelspruit
638;Nester Tritton;ntrittonhp@google.de;Male;7/11/2025;Novovladykino
639;Agatha Guest;aguesthq@indiatimes.com;Female;10/12/2024;Spiczyn
640;Karim Tootell;ktootellhr@accuweather.com;Male;5/2/2025;Borås
641;Clayborne Minihan;cminihanhs@vistaprint.com;Non-binary;12/24/2024;Huayuan
642;Chadd Alberts;calbertsht@virginia.edu;Male;4/1/2025;Dolisie
643;Waring Erickssen;werickssenhu@dot.gov;Male;8/5/2024;Shashemen?
644;Alicea Malletratt;amalletratthv@aol.com;Female;12/16/2024;West Jerusalem
645;Reynolds Durtnall;rdurtnallhw@webmd.com;Male;3/9/2025;Hisya
646;Ellyn Whitelock;ewhitelockhx@de.vu;Female;5/22/2025;Kawagoe
647;Estrellita Snipe;esnipehy@ucoz.ru;Female;12/14/2024;Cardona
648;Kimmy Button;kbuttonhz@washington.edu;Female;9/27/2024;Lampa
649;Myles Lampart;mlamparti0@tripadvisor.com;Male;2/19/2025;Vyksa
650;Nichole Vakhrushev;nvakhrushevi1@dot.gov;Male;9/5/2024;Vavatenina
651;Wilma Dunphie;wdunphiei2@nbcnews.com;Female;9/3/2024;Krasnoye
652;Matilde Farbrother;mfarbrotheri3@bloglovin.com;Female;7/15/2025;Dugcal
653;Palm Lush;plushi4@unblog.fr;Male;7/20/2025;San Juan
654;Otho Bewsy;obewsyi5@google.cn;Male;6/13/2025;Anticala
655;Margaret Bysh;mbyshi6@si.edu;Female;8/10/2024;Olbramovice
656;Tonnie Matisoff;tmatisoffi7@cbslocal.com;Male;10/29/2024;Gustavia
657;Celestina Adin;cadini8@technorati.com;Female;11/10/2024;Toyooka
658;Zeke Grayer;zgrayeri9@delicious.com;Male;5/22/2025;Jiuhu
659;Corny Leopard;cleopardia@clickbank.net;Male;6/30/2025;Debesy
660;Kristina Perigo;kperigoib@so-net.ne.jp;Female;10/28/2024;Nggelok
661;Chiarra Achrameev;cachrameevic@vimeo.com;Female;3/15/2025;Sivaki
662;Honey Sturgis;hsturgisid@guardian.co.uk;Female;8/19/2024;Canggetelo
663;Christopher Gingel;cgingelie@comcast.net;Male;3/24/2025;Oslob
664;Neely Stubs;nstubsif@apache.org;Non-binary;7/10/2025;Sumurwaru
665;Willard Shillington;wshillingtonig@amazon.com;Male;12/18/2024;Pieksämäki
666;Charmain Dineen;cdineenih@twitter.com;Female;8/23/2024;Drochia
667;Symon De Micoli;sdeii@nymag.com;Male;3/26/2025;Yaring
668;Thorin Loakes;tloakesij@washingtonpost.com;Male;8/11/2024;Molodohvardiys’k
669;Alexander Lemmertz;alemmertzik@miitbeian.gov.cn;Male;11/16/2024;Petrópolis
670;Fidelia Gerish;fgerishil@narod.ru;Genderfluid;5/18/2025;Birni N Konni
671;Yard Ashe;yasheim@sakura.ne.jp;Genderfluid;2/9/2025;Foumbot
672;Heindrick Ellingham;hellinghamin@engadget.com;Male;3/31/2025;Jiangzao
673;Alyosha Arton;aartonio@geocities.com;Male;9/21/2024;Tân An
674;Flory Ellinor;fellinorip@4shared.com;Male;12/16/2024;Belfast
675;Bret Handes;bhandesiq@yellowbook.com;Male;10/22/2024;Sara Kunda
676;Vernor Antonoczyk;vantonoczykir@privacy.gov.au;Male;6/30/2025;Mattaldi
677;Avril Skones;askonesis@linkedin.com;Female;10/22/2024;Cibalung
678;Mal Narramor;mnarramorit@sogou.com;Male;10/6/2024;Barat
679;Abdul MacInerney;amacinerneyiu@amazon.com;Male;11/4/2024;Mampong
680;Walsh Tatham;wtathamiv@bluehost.com;Male;6/23/2025;Qinglong
681;Hildy Risley;hrisleyiw@chronoengine.com;Female;12/17/2024;Governador Valadares
682;Shamus Likly;sliklyix@dailymotion.com;Male;1/11/2025;La Banda
683;Jakob Isted;jistediy@imgur.com;Male;10/2/2024;Huangben
684;Hashim Kelshaw;hkelshawiz@reverbnation.com;Genderqueer;11/20/2024;Cherëmukhovo
685;Susanetta MacQuarrie;smacquarriej0@1und1.de;Female;11/20/2024;Horvati
686;Daren Cantwell;dcantwellj1@moonfruit.com;Male;5/22/2025;Montbéliard
687;Georgine Croot;gcrootj2@blog.com;Female;5/20/2025;Gabahan
688;Riordan Grece;rgrecej3@ovh.net;Male;9/26/2024;Songping
689;Udall Hanney;uhanneyj4@parallels.com;Male;10/24/2024;Paraíso
690;Read Irving;rirvingj5@wiley.com;Male;3/2/2025;Filabusi
691;Philbert Yitzovitz;pyitzovitzj6@java.com;Male;4/14/2025;Hele
692;Rosetta Church;rchurchj7@yale.edu;Female;12/15/2024;Yonggu
693;Janot Castellanos;jcastellanosj8@jimdo.com;Female;2/6/2025;Verkhn’odniprovs’k
694;Hilarius Veronique;hveroniquej9@opensource.org;Male;4/17/2025;Hantang
695;Rubia Gonet;rgonetja@dagondesign.com;Female;10/22/2024;Horodnytsya
696;Darby Cordell;dcordelljb@discuz.net;Female;2/14/2025;Nanbao
697;Georgetta Covelle;gcovellejc@google.co.uk;Female;8/21/2024;Rimouski
698;Averil Durrad;adurradjd@instagram.com;Male;8/16/2024;Agualva
699;Hogan Halpin;hhalpinje@last.fm;Male;8/20/2024;Bangolo
700;Marsha Baterip;mbateripjf@nhs.uk;Female;1/8/2025;Tsiroanomandidy
701;Charles Beamond;cbeamondjg@zimbio.com;Male;4/3/2025;Opo?no
702;Vinny Keable;vkeablejh@unicef.org;Female;7/31/2025;Ayotupas
703;Jereme Durden;jdurdenji@instagram.com;Male;4/19/2025;Vila Velha de Ródão
704;Scarlett Cunney;scunneyjj@loc.gov;Female;1/5/2025;Beverwijk
705;Armando Ahearne;aahearnejk@parallels.com;Male;12/1/2024;?obodno
706;Jessamyn Igonet;jigonetjl@tumblr.com;Female;8/24/2024;Besançon
707;Violante Glasscoe;vglasscoejm@cbc.ca;Female;4/9/2025;Bima
708;Bay Beeching;bbeechingjn@storify.com;Male;3/29/2025;White City
709;Chancey Benza;cbenzajo@slideshare.net;Male;4/22/2025;As Sal?
710;Erskine Bayston;ebaystonjp@desdev.cn;Male;5/9/2025;Pangalangan
711;Alonso Bussen;abussenjq@sciencedirect.com;Male;4/4/2025;Mishan
712;Cullan Bartrap;cbartrapjr@list-manage.com;Male;5/1/2025;Jezzîne
713;Christoffer Spollen;cspollenjs@yandex.ru;Male;5/5/2025;Boston
714;Desmond Robens;drobensjt@buzzfeed.com;Male;4/23/2025;San Pedro
715;Chrisy Agates;cagatesju@symantec.com;Male;8/3/2024;Paris La Défense
716;Ealasaid Give;egivejv@engadget.com;Female;9/11/2024;Kallar Kah?r
717;Arny Targetter;atargetterjw@goo.gl;Male;2/10/2025;Boguchar
718;Riccardo Manville;rmanvillejx@miibeian.gov.cn;Male;4/29/2025;Dasol
719;Lorrie Gun;lgunjy@google.ca;Female;8/24/2024;Nikísiani
720;Bryon Lethieulier;blethieulierjz@buzzfeed.com;Male;10/11/2024;Dangchang Chengguanzhen
721;Libbi Gummoe;lgummoek0@networkadvertising.org;Genderqueer;12/20/2024;Campo Mourão
722;Arabelle Abraham;aabrahamk1@blogspot.com;Genderfluid;4/2/2025;Markowa
723;Frederica Geraldo;fgeraldok2@1688.com;Female;9/30/2024;Kuching
724;Jyoti Bownass;jbownassk3@yellowpages.com;Female;6/3/2025;Zhongxiao
725;Leicester Nono;lnonok4@artisteer.com;Male;7/7/2025;Ekerö
726;Saidee Layne;slaynek5@nba.com;Female;1/8/2025;Courelas Bravas
727;Clementine Kleiner;ckleinerk6@salon.com;Female;2/1/2025;Suugaant
728;Andi Ready;areadyk7@vimeo.com;Female;11/19/2024;Sangar Sar?y
729;Sigismondo Rings;sringsk8@w3.org;Male;8/5/2024;Dete
730;Miguel Whittuck;mwhittuckk9@goo.gl;Male;5/3/2025;Traiguén
731;Emalee Toal;etoalka@themeforest.net;Female;11/14/2024;Dayr Dibw?n
732;Byron Paling;bpalingkb@sciencedirect.com;Male;11/21/2024;Spassk-Dal’niy
733;Mehetabel Muirhead;mmuirheadkc@tumblr.com;Female;5/24/2025;Baiyang
734;Abba Blade;abladekd@miibeian.gov.cn;Male;5/2/2025;Wólka Pe?ki?ska
735;Quintin Agnew;qagnewke@telegraph.co.uk;Male;6/25/2025;Kuala Terengganu
736;Evin Profit;eprofitkf@wisc.edu;Male;11/26/2024;Esuk Oron
737;Jerrome Badam;jbadamkg@squarespace.com;Male;7/14/2025;Mežica
738;Korry Penning;kpenningkh@wisc.edu;Polygender;10/28/2024;Perovo
739;Urbano Scanlan;uscanlanki@disqus.com;Male;7/25/2025;Katiola
740;Gerda Huntley;ghuntleykj@shinystat.com;Female;7/14/2025;Laoxingchang
741;Michail Perigoe;mperigoekk@360.cn;Male;7/7/2025;Babatngon
742;Barnebas Perree;bperreekl@sbwire.com;Male;7/16/2025;Loukísia
743;Winnie Roycroft;wroycroftkm@amazon.de;Genderqueer;8/24/2024;Isugod
744;Gypsy Groombridge;ggroombridgekn@howstuffworks.com;Genderqueer;6/20/2025;Shiquanhe
745;Case Tournay;ctournayko@linkedin.com;Polygender;11/21/2024;Batiano
746;Jessalin Philp;jphilpkp@amazonaws.com;Female;1/8/2025;Flic en Flac
747;Mavis Gregoire;mgregoirekq@toplist.cz;Female;7/4/2025;Sunagawa
748;Luke Elsbury;lelsburykr@arstechnica.com;Male;2/21/2025;Pami?tkowo
749;Genevra Oby;gobyks@wiley.com;Female;4/30/2025;Lengkongsari
750;Anna-diana Kareman;akaremankt@ca.gov;Female;6/3/2025;Khelyulya
751;Shermy Alcock;salcockku@google.com;Male;9/5/2024;Longsheng
752;Marlee De Ruggero;mdekv@msn.com;Female;10/10/2024;Taoyang
753;Allx Shuttle;ashuttlekw@exblog.jp;Female;5/8/2025;Kwolla
754;Tabbatha Bellew;tbellewkx@ebay.co.uk;Female;9/3/2024;Lile
755;Leroi Ashe;lasheky@w3.org;Male;5/22/2025;San Andres
756;Suzanne Harborow;sharborowkz@amazon.co.jp;Female;5/1/2025;Zasip
757;Hobie Sleigh;hsleighl0@cargocollective.com;Male;12/30/2024;Pedra Azul
758;Tally Gerrie;tgerriel1@census.gov;Female;11/24/2024;Igoumenítsa
759;Dion McClay;dmcclayl2@wikispaces.com;Female;5/12/2025;Sedati
760;Sigismondo Paffitt;spaffittl3@usda.gov;Male;8/11/2024;Liuzhi
761;Theressa Rutherfoord;trutherfoordl4@nifty.com;Female;7/11/2025;Zaoshi
762;Raven Belmont;rbelmontl5@dropbox.com;Female;4/9/2025;Anping
763;Gwynne Dayton;gdaytonl6@home.pl;Female;2/1/2025;Medaya
764;Valli Passler;vpasslerl7@tuttocitta.it;Female;1/6/2025;Tochigi
765;Whitaker Schiementz;wschiementzl8@comsenz.com;Male;3/1/2025;Funchal
766;Friederike Arnout;farnoutl9@sbwire.com;Female;3/4/2025;Trzebunia
767;Georas Japp;gjappla@mapy.cz;Male;6/5/2025;Sindangsari
768;Kimmy Frascone;kfrasconelb@sourceforge.net;Female;4/27/2025;Rum?h
769;Maximo Erskin;merskinlc@nymag.com;Male;3/25/2025;Bitola
770;Corrie Sagerson;csagersonld@tamu.edu;Male;5/15/2025;Aldeia da Mata
771;Gertrud Bliss;gblissle@cyberchimps.com;Female;2/27/2025;Voskresenskoye
772;Sky Gadesby;sgadesbylf@mtv.com;Male;11/21/2024;Vaughan
773;Toni Momford;tmomfordlg@google.es;Non-binary;9/7/2024;Venustiano Carranza
774;Aluin Glassup;aglassuplh@macromedia.com;Male;8/1/2025;Lille
775;Pacorro Glasscoe;pglasscoeli@mtv.com;Male;10/15/2024;Primero de Mayo
776;Trey Macquire;tmacquirelj@economist.com;Male;6/12/2025;Sofifi
777;Kameko Blint;kblintlk@addtoany.com;Female;12/25/2024;Rudna
778;Lotta Bigley;lbigleyll@intel.com;Genderqueer;2/10/2025;Dijon
779;Tildy Brough;tbroughlm@constantcontact.com;Female;11/14/2024;Mülheim an der Ruhr
780;Torey D'Ugo;tdugoln@360.cn;Male;10/9/2024;Jumpangdua
781;Gracia Keford;gkefordlo@google.com.hk;Female;12/22/2024;Ketanggi
782;Ardisj Arnald;aarnaldlp@domainmarket.com;Female;12/17/2024;Trzebunia
783;Farrel Catenot;fcatenotlq@indiegogo.com;Male;7/4/2025;Castle Bruce
784;Neron Aujouanet;naujouanetlr@hc360.com;Male;8/3/2024;Xiaojing
785;Etti Tighe;etighels@go.com;Female;2/24/2025;Shanga
786;Arlena Ivatts;aivattslt@oakley.com;Female;10/10/2024;Tangub
787;Archy Pantling;apantlinglu@dagondesign.com;Male;9/26/2024;Tentúgal
788;Frayda Swyre;fswyrelv@netvibes.com;Female;12/5/2024;Gueltat Zemmour
789;Brent Strathe;bstrathelw@friendfeed.com;Male;1/10/2025;Aquiraz
790;Chane Yeulet;cyeuletlx@about.com;Male;4/15/2025;Jiefu
791;Johanna Bier;jbierly@house.gov;Female;5/28/2025;Dayr??
792;Vincents Gillam;vgillamlz@utexas.edu;Male;8/21/2024;Conceição do Araguaia
793;Debbi Keenleyside;dkeenleysidem0@apple.com;Female;10/16/2024;Rouen
794;Merv Archell;marchellm1@squidoo.com;Male;10/6/2024;Ribeira do Pombal
795;Kory Lamplugh;klamplughm2@blogger.com;Male;3/31/2025;Jankowice
796;Elwood Sanpher;esanpherm3@digg.com;Male;9/21/2024;Thatta
797;Sauncho Focke;sfockem4@epa.gov;Male;10/11/2024;Vilhena
798;Barn Antonelli;bantonellim5@washington.edu;Male;1/17/2025;Shijing
799;Laurence McGlone;lmcglonem6@virginia.edu;Male;3/10/2025;Doba
800;Lonny Fennelly;lfennellym7@cdbaby.com;Male;6/1/2025;Jistebník
801;Aldus Colliss;acollissm8@nba.com;Polygender;7/14/2025;Zhen’an
802;Harlen McCrachen;hmccrachenm9@theatlantic.com;Male;10/1/2024;Pacaraos
803;Linnell Giffard;lgiffardma@soup.io;Female;7/12/2025;Ch? Chu
804;Rori Andrzejowski;randrzejowskimb@hao123.com;Female;6/14/2025;Alegre
805;Odele Glasgow;oglasgowmc@creativecommons.org;Female;6/25/2025;Gobernador Gálvez
806;Ronnie Massy;rmassymd@php.net;Male;7/7/2025;Banjar Pangkungkarung Kangin
807;Zita McCourt;zmccourtme@cornell.edu;Female;6/10/2025;Lama
808;Aristotle Petrussi;apetrussimf@instagram.com;Agender;6/2/2025;Bromma
809;Tilda Ambrosi;tambrosimg@posterous.com;Polygender;6/25/2025;Huangchi
810;Roshelle Richter;rrichtermh@goo.gl;Female;1/10/2025;Huayuan
811;Geordie Mapledoore;gmapledooremi@biblegateway.com;Male;1/13/2025;Yumbo
812;Adolph Binny;abinnymj@google.es;Male;8/22/2024;Al Fashn
813;Spenser Dzeniskevich;sdzeniskevichmk@vimeo.com;Male;8/1/2025;Klyetsk
814;Vivianna Beckers;vbeckersml@tinyurl.com;Female;3/3/2025;Tandzut
815;Fedora Daber;fdabermm@wordpress.org;Female;12/13/2024;Liancheng
816;Halli MattiCCI;hmatticcimn@about.me;Female;8/5/2024;Venda
817;Vonnie Bailess;vbailessmo@squarespace.com;Genderqueer;1/31/2025;Zhukovskiy
818;Sibyl Cottle;scottlemp@csmonitor.com;Male;6/18/2025;Obama
819;Daniel Patty;dpattymq@bandcamp.com;Male;5/3/2025;Nieuwegein
820;Kasper Mulvy;kmulvymr@go.com;Male;2/12/2025;Tandalt?
821;Eugenio Hurrell;ehurrellms@imdb.com;Male;3/30/2025;Pedra
822;Ethelda Ainslee;eainsleemt@stumbleupon.com;Female;8/18/2024;Hujigou
823;Tadeas Bony;tbonymu@bloglovin.com;Male;10/20/2024;Padangguci
824;Marillin Burgott;mburgottmv@altervista.org;Female;6/14/2025;Leeuwarden
825;Gloriana Naish;gnaishmw@usnews.com;Female;3/21/2025;Allada
826;Gavrielle Smithend;gsmithendmx@tripod.com;Female;8/21/2024;Nyköping
827;Titus Jezard;tjezardmy@hhs.gov;Male;12/19/2024;Ares Tengah
828;Lissie Streat;lstreatmz@cpanel.net;Female;5/21/2025;Richmond
829;Jen Glasebrook;jglasebrookn0@printfriendly.com;Female;2/4/2025;Mataquescuintla
830;Wallache Kennerknecht;wkennerknechtn1@friendfeed.com;Male;2/6/2025;Cavadas
831;Nicko Tomasino;ntomasinon2@parallels.com;Male;3/25/2025;Banjar Paangkelod
832;Hendrick Frankom;hfrankomn3@storify.com;Male;6/5/2025;Esigodini
833;Michaella Jellett;mjellettn4@psu.edu;Female;12/26/2024;Ol’ginskaya
834;Bernie Custy;bcustyn5@i2i.jp;Female;10/25/2024;Chengbei
835;Kellie Turland;kturlandn6@icio.us;Female;9/15/2024;Färjestaden
836;Sybil Burrow;sburrown7@about.me;Female;5/4/2025;Xiaoya
837;Jaclin Anselm;janselmn8@yahoo.com;Female;10/23/2024;Qijiaxi
838;Roby Standley;rstandleyn9@stanford.edu;Female;11/7/2024;Bungoma
839;Arte Daniele;adanielena@zimbio.com;Male;1/11/2025;Mach
840;Bent Drake;bdrakenb@dedecms.com;Male;9/3/2024;Velyka Lepetykha
841;Keith Careless;kcarelessnc@cornell.edu;Male;1/19/2025;Bang Lamung
842;Haven Ghilks;hghilksnd@fda.gov;Male;10/2/2024;Lederaba
843;Molly Doorey;mdooreyne@washington.edu;Polygender;7/4/2025;Shalinskoye
844;Corny Balmer;cbalmernf@alexa.com;Male;10/3/2024;Haparanda
845;Tresa Gilhouley;tgilhouleyng@freewebs.com;Female;8/17/2024;El Paso
846;Hurlee Paley;hpaleynh@sogou.com;Male;1/17/2025;Zhamao
847;Adore Larrosa;alarrosani@blogger.com;Female;9/11/2024;Solnechnyy
848;Shawna Fishbourne;sfishbournenj@cbslocal.com;Female;9/10/2024;Beya
849;Ruth Parfett;rparfettnk@parallels.com;Female;6/14/2025;Sergelen
850;Isa Tomczak;itomczaknl@tiny.cc;Female;11/21/2024;Osiek nad Noteci?
851;Hastings Bawden;hbawdennm@nasa.gov;Male;1/14/2025;Me?giew
852;Pasquale Parish;pparishnn@usnews.com;Male;7/5/2025;Eskilstuna
853;Lexy Cawley;lcawleyno@youtube.com;Female;3/6/2025;Xiaoduchuan
854;Marline Dare;mdarenp@noaa.gov;Female;2/21/2025;Shakhtars’k
855;Cobbie Tibbs;ctibbsnq@t-online.de;Male;5/30/2025;Manabo
856;Michale De Gregoli;mdenr@technorati.com;Male;5/19/2025;Castelsarrasin
857;Hayes Galland;hgallandns@wikipedia.org;Male;2/2/2025;Yugawara
858;Clementius Ivanchikov;civanchikovnt@infoseek.co.jp;Male;10/31/2024;Shuangcheng
859;Marge Silman;msilmannu@europa.eu;Female;9/6/2024;Fulong
860;Glad De Andreis;gdenv@youtube.com;Female;4/8/2025;San Juan Nepomuceno
861;Baron MacKeague;bmackeaguenw@vimeo.com;Male;6/15/2025;Deventer
862;Matti Gerrey;mgerreynx@1688.com;Female;12/12/2024;Bentar
863;Floris Celloni;fcelloniny@g.co;Female;8/10/2024;Sumberbening
864;Pedro Covely;pcovelynz@furl.net;Male;7/2/2025;Mégara
865;Merle Guerrero;mguerreroo0@ted.com;Male;6/13/2025;Sidareja
866;Holden Keme;hkemeo1@flavors.me;Male;4/11/2025;Sukosari
867;Marwin Wigin;mwigino2@omniture.com;Male;4/6/2025;Dazhangzhuang
868;Evelina Nuemann;enuemanno3@t-online.de;Female;3/17/2025;Sungsang
869;Feliks Strivens;fstrivenso4@cyberchimps.com;Male;3/31/2025;Kinalansan
870;Igor Goudman;igoudmano5@engadget.com;Male;6/13/2025;Taohua
871;Tait Fortesquieu;tfortesquieuo6@marriott.com;Male;8/5/2024;Alebtong
872;Roslyn Wailes;rwaileso7@dedecms.com;Female;5/23/2025;Simpanganduwet
873;Locke Cossom;lcossomo8@kickstarter.com;Bigender;5/8/2025;Zitong
874;Lenard Andreix;landreixo9@surveymonkey.com;Male;1/28/2025;Kalugmanan
875;Jerad Gorey;jgoreyoa@seesaa.net;Male;5/13/2025;Yélimané
876;Rosette O'Hickey;rohickeyob@cyberchimps.com;Female;2/13/2025;Atap
877;Duky Cammidge;dcammidgeoc@ox.ac.uk;Male;8/19/2024;Sigeng
878;Mano Le Grand;mleod@networkadvertising.org;Male;3/12/2025;Libao
879;Nero Earley;nearleyoe@harvard.edu;Male;3/5/2025;Tyler
880;Prudi Overton;povertonof@patch.com;Female;6/20/2025;Patique
881;Jenny Willimont;jwillimontog@wired.com;Female;3/30/2025;Vila Velha de Ródão
882;Kirstin Seymark;kseymarkoh@artisteer.com;Female;11/2/2024;Lewodoli
883;Clerc Halfhead;chalfheadoi@cam.ac.uk;Male;4/13/2025;Timezgana
884;Harley Ackred;hackredoj@mozilla.com;Female;4/13/2025;Insrom
885;Jeri Morrowe;jmorroweok@123-reg.co.uk;Female;3/14/2025;Curuzú Cuatiá
886;Derby Barney;dbarneyol@list-manage.com;Male;12/1/2024;Diriamba
887;Bryana Andriuzzi;bandriuzziom@gizmodo.com;Female;1/13/2025;Cotuí
888;Pammi Wasiela;pwasielaon@blogspot.com;Female;5/4/2025;Clifden
889;Stephannie Kydd;skyddoo@ameblo.jp;Female;12/2/2024;Wugong
890;Liva Kettlesing;lkettlesingop@alibaba.com;Female;1/12/2025;Dallas
891;Jermayne Guttridge;jguttridgeoq@foxnews.com;Male;3/30/2025;Falkenberg
892;Reinaldos Prescott;rprescottor@e-recht24.de;Male;12/10/2024;Novokuybyshevsk
893;Codie Banthorpe;cbanthorpeos@hibu.com;Non-binary;11/3/2024;Ndofane
894;Eleonora Meffen;emeffenot@bandcamp.com;Female;5/18/2025;Lewoluo
895;Katya Dawidowitsch;kdawidowitschou@vk.com;Agender;1/4/2025;Linköping
896;Johann Raynor;jraynorov@a8.net;Male;9/14/2024;Stockholm
897;Gianni Whillock;gwhillockow@furl.net;Male;8/17/2024;Adzopé
898;Carleen Botterman;cbottermanox@scientificamerican.com;Female;10/21/2024;Huaqiao
899;Windy Ternott;wternottoy@independent.co.uk;Female;7/21/2025;Ereira
900;Olva Radnedge;oradnedgeoz@tuttocitta.it;Female;10/30/2024;Kruševac
901;Salem Chatainier;schatainierp0@shop-pro.jp;Male;3/27/2025;Gradil
902;Johan Wudeland;jwudelandp1@stumbleupon.com;Male;2/12/2025;Gomel
903;Venita Pidwell;vpidwellp2@multiply.com;Female;12/29/2024;Gasa
904;Violetta Sheavills;vsheavillsp3@addthis.com;Agender;10/5/2024;Guaratuba
905;Ignatius Dungate;idungatep4@alibaba.com;Male;3/7/2025;Toulouse
906;Mabelle Benn;mbennp5@indiegogo.com;Genderqueer;12/26/2024;Sukadana
907;Sacha Adnam;sadnamp6@ibm.com;Female;7/7/2025;Paradela
908;Jarred Rosenberg;jrosenbergp7@imgur.com;Male;5/25/2025;Aghada
909;Ddene MacQueen;dmacqueenp8@google.com.br;Female;5/23/2025;Bungalaleng
910;Prissie Wrathmall;pwrathmallp9@latimes.com;Female;7/4/2025;Buta
911;Bendite Josefsohn;bjosefsohnpa@infoseek.co.jp;Female;4/11/2025;Masjid
912;Marnie McKnockiter;mmcknockiterpb@skype.com;Agender;10/1/2024;Tolomango
913;Lowell Barbera;lbarberapc@netvibes.com;Male;5/14/2025;Zhongshan
914;Rozele Rodrigo;rrodrigopd@opensource.org;Female;3/5/2025;Marialva
915;Marijn Gurko;mgurkope@columbia.edu;Male;1/25/2025;Toulouse
916;Amandy Severs;aseverspf@google.de;Female;5/24/2025;Alta Gracia
917;Giulio Walworche;gwalworchepg@oakley.com;Male;11/1/2024;Najin
918;Antoine Agiolfinger;aagiolfingerph@goodreads.com;Male;9/10/2024;Amadeo
919;Abba Snap;asnappi@google.co.uk;Male;7/19/2025;Ban Talat Yai
920;Cello Davidoff;cdavidoffpj@themeforest.net;Male;2/7/2025;Taling Chan
921;Karoline Crispin;kcrispinpk@ow.ly;Polygender;9/9/2024;Zango
922;Anna-diana Island;aislandpl@japanpost.jp;Female;7/15/2025;Chynów
923;Gordon Paler;gpalerpm@unc.edu;Male;1/29/2025;Wangba
924;Cammy Tunn;ctunnpn@twitter.com;Male;5/9/2025;Mesa
925;Henriette Huntingford;hhuntingfordpo@nydailynews.com;Female;10/23/2024;Yunhe
926;Catherine Lossman;clossmanpp@arstechnica.com;Female;12/9/2024;Dostoyevka
927;Chan Grier;cgrierpq@skyrock.com;Male;4/8/2025;Port Sudan
928;Mahalia Noni;mnonipr@craigslist.org;Female;10/14/2024;Saint-Maurice
929;Brunhilda Mant;bmantps@dell.com;Genderqueer;4/18/2025;Oymak
930;Desirae Parades;dparadespt@joomla.org;Female;9/16/2024;Álimos
931;Boycie Giacoppoli;bgiacoppolipu@tinyurl.com;Male;10/20/2024;Huangtian
932;Davidde Fyndon;dfyndonpv@java.com;Male;3/20/2025;Matina
933;Jessamine Sheed;jsheedpw@about.me;Female;12/27/2024;Pasar
934;Diane-marie Tripon;dtriponpx@bbc.co.uk;Female;9/3/2024;Ovruch
935;Bernadene Simmers;bsimmerspy@telegraph.co.uk;Female;1/23/2025;Yaguarón
936;Jan Mayhow;jmayhowpz@scribd.com;Male;3/20/2025;Jawf al Maqb?bah
937;Juana Urian;jurianq0@trellian.com;Female;12/24/2024;Watuagung
938;Toma MacKomb;tmackombq1@netvibes.com;Female;6/26/2025;‘Awaj
939;Shoshanna Eccleshall;seccleshallq2@yahoo.com;Female;4/26/2025;Yushan
940;Deedee Bailess;dbailessq3@webmd.com;Female;11/7/2024;Grugul
941;Lemar Churcher;lchurcherq4@over-blog.com;Male;3/26/2025;Yala
942;Genvieve Escalero;gescaleroq5@infoseek.co.jp;Female;5/7/2025;Ka?czuga
943;Karyn MacIlraith;kmacilraithq6@cnet.com;Agender;11/21/2024;Gerong
944;Tilly Tucker;ttuckerq7@livejournal.com;Female;6/6/2025;El Carmen
945;Blondy Pryn;bprynq8@reference.com;Female;2/16/2025;Dioila
946;Olia Kupisz;okupiszq9@archive.org;Female;6/12/2025;Qixingtai
947;Natassia Maxted;nmaxtedqa@who.int;Female;2/26/2025;Selce
948;Robby Penrice;rpenriceqb@boston.com;Male;10/28/2024;Gelap
949;Zerk Stanislaw;zstanislawqc@ibm.com;Male;4/24/2025;Göteborg
950;Jess Noddles;jnoddlesqd@bloglovin.com;Male;3/22/2025;Barra de São Francisco
951;Billie Yakutin;byakutinqe@shutterfly.com;Male;12/24/2024;Bang Bon
952;Fiona Dumingos;fdumingosqf@surveymonkey.com;Female;10/5/2024;Ab? Qalqal
953;Hall McIlherran;hmcilherranqg@theguardian.com;Male;6/30/2025;Zhangdan
954;Celestina Liverseege;cliverseegeqh@apache.org;Female;6/30/2025;Pataha
955;Sauveur Balchen;sbalchenqi@jalbum.net;Male;7/16/2025;Taihe Chengguanzhen
956;Oona Bilsland;obilslandqj@nytimes.com;Non-binary;9/29/2024;Kashiwazaki
957;Aylmer Crips;acripsqk@nyu.edu;Agender;3/9/2025;Ludvika
958;Daven Elgar;delgarql@sciencedirect.com;Male;12/24/2024;Mariquita
959;Ellie Pickersail;epickersailqm@usa.gov;Female;7/24/2025;Lopatinskiy
960;Chester Gotmann;cgotmannqn@newsvine.com;Male;4/29/2025;Donetsk
961;Delano Hallums;dhallumsqo@scientificamerican.com;Male;1/17/2025;Siuna
962;Rafaela Shall;rshallqp@ed.gov;Female;1/8/2025;Pokrovskoye-Streshnëvo
963;Marcelia Brocket;mbrocketqq@dagondesign.com;Female;7/29/2025;Buritama
964;Dorry Lindemann;dlindemannqr@irs.gov;Female;7/14/2025;São Manços
965;Silva Dunan;sdunanqs@eepurl.com;Female;11/11/2024;Liping
966;Hieronymus Leyden;hleydenqt@samsung.com;Bigender;3/12/2025;Paris 08
967;Conrad Bowdrey;cbowdreyqu@arizona.edu;Male;8/17/2024;?elopek
968;Hyacinthe Tallant;htallantqv@pcworld.com;Female;6/2/2025;Thetford-Mines
969;Fifine Nyssens;fnyssensqw@storify.com;Female;4/15/2025;Petushki
970;Karel Keady;kkeadyqx@people.com.cn;Male;6/26/2025;Dukuhsia
971;Damiano Nowick;dnowickqy@twitpic.com;Male;6/1/2025;Jiebu
972;Clerissa Jedrych;cjedrychqz@stanford.edu;Female;7/14/2025;Wosai
973;Gerrilee Raffels;graffelsr0@ning.com;Female;8/12/2024;Mogadishu
974;Barrett Mahody;bmahodyr1@gnu.org;Male;3/30/2025;Krajan Dua Patempuran
975;Brendis Enevold;benevoldr2@berkeley.edu;Male;4/14/2025;Kuusjoki
976;Waly Puckinghorne;wpuckinghorner3@sciencedaily.com;Female;3/16/2025;Ngozi
977;Rozina Lattey;rlatteyr4@independent.co.uk;Female;1/11/2025;Arjona
978;Bobbie Nani;bnanir5@pagesperso-orange.fr;Male;8/4/2024;?wiebodzice
979;Isaak Burles;iburlesr6@cdc.gov;Male;3/27/2025;Hujirt
980;Kati Setchfield;ksetchfieldr7@apple.com;Polygender;9/9/2024;J?sh
981;Markus Fearnehough;mfearnehoughr8@omniture.com;Male;7/27/2025;Jinli
982;Lyndsie Tarquinio;ltarquinior9@biglobe.ne.jp;Female;4/23/2025;Jaboatão dos Guararapes
983;Guss Davison;gdavisonra@123-reg.co.uk;Male;12/3/2024;Rouen
984;Karmen Dury;kduryrb@blogs.com;Female;2/26/2025;Talnakh
985;Amabelle Brixham;abrixhamrc@blogs.com;Genderfluid;10/18/2024;Kushar
986;Wang Coakley;wcoakleyrd@va.gov;Male;10/14/2024;Toila
987;Thurstan Dhillon;tdhillonre@unicef.org;Male;7/24/2025;Tagana-an
988;Vincenty Hulme;vhulmerf@economist.com;Male;12/27/2024;Viraco
989;Kerby Greiser;kgreiserrg@google.pl;Male;8/2/2024;Pilcuyo
990;Giorgio Kermeen;gkermeenrh@businessweek.com;Male;6/25/2025;Evansville
991;Cherilynn Lanney;clanneyri@rediff.com;Female;2/25/2025;Nago
992;Breanne Longridge;blongridgerj@yale.edu;Female;8/30/2024;Bato
993;Johnath McNelly;jmcnellyrk@huffingtonpost.com;Female;7/29/2025;Yanhong
994;Daron Benford;dbenfordrl@github.com;Female;2/16/2025;Kilinochchi
995;Waring Ladon;wladonrm@mapquest.com;Male;6/4/2025;Litan
996;Andros Jovanovic;ajovanovicrn@oaic.gov.au;Non-binary;3/21/2025;Broshniv-Osada
997;Gaby Coker;gcokerro@livejournal.com;Male;5/3/2025;Imperatriz
998;Winny Bilbery;wbilberyrp@utexas.edu;Female;10/26/2024;Acarigua
999;Rene Morffew;rmorffewrq@indiegogo.com;Male;3/9/2025;Besukrejo
1000;Arte Fuller;afullerrr@cpanel.net;Male;6/14/2025;Phayuha Khiri
